10021,ΓΣ,ΒΟΥΛΗ ΤΩΝ ΕΛΛΗΝΩΝ   
10431,ΓΛ,ΠΛ.ΟΜΟΝΟΙΑΣ (ΑΘΗΝΑ) 
10432,ΓΛ,ΠΛ.ΒΑΘΗΣ-ΠΛ.ΒΙΚΤΩΡΙΑ
10433,ΓΛ,ΠΟΛΥΤΕΧΝΕΙΟ  (ΑΘΗΝΑ)
10434,ΓΛ,ΠΛ.ΒΙΚΤΩΡΙΑΣ (ΑΘΗΝΑ)
10435,ΑΘ,ΜΕΤΑΞΟΥΡΓΕΙΟ (ΑΘΗΝΑ)
10436,ΑΘ,ΠΛ.ΟΜΟΝΟΙΑΣ         
10437,ΑΘ,ΠΛ.ΟΜΟΝΟΙΑΣ         
10438,ΓΛ,ΣΤΑΘΜΟΣ ΛΑΡΙΣΗΣ     
10439,ΓΛ,ΣΤΑΘΜΟΣ ΛΑΡΙΣΗΣ     
10440,ΓΛ,ΣΤΑΘΜΟΣ ΛΑΡΙΣΗΣ     
10441,ΒΧ,ΚΟΛΩΝΟΣ             
10442,ΒΧ,ΚΟΛΩΝΟΣ             
10443,ΒΧ,ΣΕΠΟΛΙΑ             
10444,ΒΧ,ΚΟΛΩΝΟΣ             
10445,ΓΛ,ΤΡΕΙΣ ΓΕΦΥΡΕΣ (ΑΘΗΝΑ
10446,ΓΛ,ΠΛ.ΑΜΕΡΙΚΗΣ-ΚΥΨΕΛΗ  
10447,ΒΤ,ΑΘΗΝΑ- ΒΟΤΑΝΙΚΟΣ    
10551,ΓΣ,ΠΛ.ΚΛΑΥΘΜΩΝΟΣ       
10552,ΑΘ,ΠΛ.ΟΜΟΝΟΙΑ-ΜΟΝΑΣΤΗΡΑ
10553,ΑΘ,ΚΕΡΑΜΕΙΚΟΣ (ΑΘΗΝΑ)  
10554,ΑΘ,ΨΥΡΡΗ  (ΑΘΗΝΑ)      
10555,ΓΣ,ΜΟΝΑΣΤΗΡΑΚΙ         
10556,ΓΣ,ΠΛ.ΜΗΤΡΟΠΟΛΕΩΣ      
10557,ΓΣ,ΠΛ.ΣΥΝΤΑΓΜΑΤΟΣ      
10558,ΓΣ,ΠΛΑΚΑ-ΘΗΣΕΙΟ        
10559,ΓΣ,ΠΛ.ΚΛΑΥΘΜΩΝΟΣ       
10560,ΓΣ,ΧΡΥΣΟΣΠΗΛΙΩΤΙΣΣΑ    
10561,ΓΣ,ΠΛ.ΚΛΑΥΘΜΩΝΟΣ       
10562,ΓΣ,ΠΛ.ΣΥΝΤΑΓΜΑΤΟΣ-ΠΛΑΚΑ
10563,ΓΣ,ΠΛ.ΟΜΟΝΟΙΑ-ΜΟΝΑΣΤΗΡΑ
10564,ΓΣ,Λ.ΑΜΑΛΙΑΣ - ΣΥΝΤΑΓΜΑ
10671,ΓΙ,ΠΛ.ΚΑΝΙΓΓΟΣ-ΣΥΝΤΑΓΜΑ
10672,ΓΙ,ΠΛ.ΚΑΝΙΓΓΟΣ-ΣΥΝΤΑΓΜΑ
10673,ΓΙ,ΚΟΛΩΝΑΚΙ            
10674,ΓΥ,ΕΘΝΙΚΟΣ ΚΗΠΟΣ-ΖΑΠΠΕΙ
10675,ΓΥ,ΚΟΛΩΝΑΚΙ-ΕΥΑΓΓΕΛΙΣΜΟ
10676,ΓΥ,ΕΥΑΓΓΕΛΙΣΜΟΣ        
10677,ΓΛ,ΠΛ.ΚΑΝΙΓΓΟΣ-ΣΥΝΤΑΓΜΑ
10678,ΓΛ,ΠΛ.ΚΑΝΙΓΓΟΣ-ΣΥΝΤΑΓΜΑ
10679,ΓΙ,ΠΛ.ΚΑΝΙΓΓΟΣ-ΣΥΝΤΑΓΜΑ
10680,ΓΙ,ΕΞΑΡΧΕΙΑ  (ΑΘΗΝΑ)   
10681,ΓΛ,ΕΞΑΡΧΕΙΑ (ΑΘΗΝΑ)    
10682,ΓΛ,ΙΟΥΛΙΑΝΟΥ-ΔΕΛΗΓΙΑΝ. 
10683,ΓΛ,ΘΕΜΟΣΤΟΚΛΕΟΥΣ-ΔΕΛΗΓ.
11141,ΒΞ,ΚΥΠΡΙΑΔΟΥ (ΑΘΗΝΑ)   
11142,ΒΞ,ΛΑΜΠΡΙΝΗ  (ΑΘΗΝΑ)   
11143,ΒΞ,ΡΙΖΟΥΠΟΛΗ  (ΑΘΗΝΑ)  
11144,ΒΞ,ΚΑΤΩ ΠΑΤΗΣΙΑ        
11145,ΒΞ,ΤΡΕΙΣ ΓΕΦΥΡΕΣ (ΑΘΗΝΑ
11146,ΒΞ,ΓΑΛΑΤΣΙ-ΛΑΜΠΡΙΝΗ    
11147,ΒΞ,ΓΑΛΑΤΣΙ-ΚΑΡΑΓΙΑΝΕΙΚΑ
11251,ΓΛ,ΠΛ.ΑΜΕΡΙΚΗΣ-ΠΛ.ΑΤΤΙΚ
11252,ΓΛ,ΠΛ.ΑΤΤΙΚΗΣ-ΠΛ.ΑΜΕΡΙΚ
11253,ΓΛ,ΚΑΤΩ ΠΑΤΗΣΙΑ        
11254,ΓΛ,ΚΑΤΩ ΠΑΤΗΣΙΑ        
11255,ΑΤ,ΠΛ.ΚΟΛΙΑΤΣΟΥ-ΚΥΨΕΛΗ 
11256,ΑΤ,ΠΛ.ΚΟΛΙΑΤΣΟΥ-ΚΥΨΕΛΗ 
11257,ΑΤ,ΠΛ.ΑΜΕΡΙΚΗΣ-ΚΥΨΕΛΗ  
11361,ΑΤ,ΠΛ.ΑΜΕΡΙΚΗΣ-ΠΛ.ΑΤΤΙΚ
11362,ΑΤ,ΚΥΨΕΛΗ              
11363,ΑΤ,Ν.ΚΥΨΕΛΗ            
11364,ΑΤ,ΑΜΠΕΛΟΚΗΠΟΙ         
11471,ΑΤ,ΝΕΑΠΟΛΗ  ΕΞΑΡΧΕΙΩΝ  
11472,ΑΤ,ΝΕΑΠΟΛΗ ΕΞΑΡΧΕΙΩΝ   
11473,ΑΤ,ΝΕΑΠΟΛΗ ΑΘΗΝΑΣ      
11474,ΑΤ,ΓΚΥΖΗ               
11475,ΑΤ,ΓΚΥΖΗ               
11476,ΑΤ,ΓΚΥΖΗ               
11521,ΓΥ,ΕΥΑΓΓΕΛΙΣΜΟΣ        
11522,ΑΤ,ΑΜΠΕΛΟΚΗΠΟΙ-ΓΚΥΖΗ   
11523,ΑΤ,ΑΜΠΕΛΟΚΗΠΟΙ         
11524,ΑΤ,ΑΜΠΕΛΟΚΗΠΟΙ         
11525,ΒΙ,ΕΛΛΗΝΟΡΡΩΣΩΝ        
11526,ΒΙ,ΕΡΥΘΡΟΣ ΣΤΑΥΡΟΣ     
11527,ΒΙ,ΜΙΧΑΛΑΚΟΠΟΥΛΟΥ      
11528,ΒΙ,ΜΙΧΑΛΑΚΟΠΟΥΛΟΥ      
11631,ΒΣ,ΓΟΥΒΑ               
11632,ΒΣ,ΓΟΥΒΑ               
11633,ΒΣ,ΠΑΓΚΡΑΤΙ            
11634,ΒΣ,ΠΑΓΚΡΑΤΙ            
11635,ΒΣ,ΣΤΑΔΙΟ - ΑΘΗΝΑ      
11636,ΒΣ,1ο ΝΕΚΡΟΤΑΦΕΙΟ ΑΘΗΝΩ
11741,ΒΣ,ΚΟΥΚΑΚΙ             
11742,ΒΣ,ΦΙΛΟΠΠΑΠΟΥ          
11743,ΒΣ,ΚΥΝΟΣΑΡΓΟΥΣ         
11744,ΒΣ,ΝΕΟΣ ΚΟΣΜΟΣ         
11745,ΒΣ,ΝΕΟΣ ΚΟΣΜΟΣ         
11851,ΒΣ,ΘΗΣΕΙΟ              
11852,ΒΣ,ΠΕΤΡΑΛΩΝΑ ΑΝΩ       
11853,ΒΣ,ΠΕΤΡΑΛΩΝΑ ΚΑΤΩ      
11854,ΒΤ,ΡΟΥΦ-ΚΑΤΩ ΠΕΤΡΑΛΩΝΑ 
11855,ΒΤ,ΒΟΤΑΝΙΚΟΣ           
12131,ΑΕ,ΠΕΡΙΣΤΕΡΙ - ΒΙΑΜΑΞ  
12132,ΑΕ,ΠΕΡΙΣΤΕΡΙ-Ν.ΚΟΛΟΚΥΝΘ
12133,ΑΕ,ΝΕΑ ΣΕΠΟΛΙΑ-ΠΕΡΙΣΤΕΡ
12134,ΑΕ,ΠΕΡΙΣΤΕΡΙ           
12135,ΑΕ,ΠΕΡΙΣΤΕΡΙ           
12136,ΑΕ,ΠΕΡΙΣΤΕΡΙ           
12137,ΑΕ,ΠΕΡΙΣΤΕΡΙ-Ν.ΖΩΗ     
12241,ΑΒ,ΑΙΓΑΛΕΩ             
12242,ΑΒ,ΑΙΓΑΛΕΩ - ΣΩΤΗΡΑΚΗ  
12243,ΑΒ,ΑΙΓΑΛΕΩ-ΑΝΑΓΕΝΝΗΣΗ  
12244,ΑΒ,ΑΙΓΑΛΕΩ             
12351,ΑΒ,ΑΓ.ΒΑΡΒΑΡΑ          
12461,ΑΒ,ΧΑΙΔΑΡΙ             
12462,ΑΒ,ΧΑΙΔΑΡΙ-ΔΑΣΟΣ       
13121,ΒΘ,Ν.ΛΙΟΣΙΑ-ΠΑΛΑΤΙΑΝΗ  
13122,ΒΘ,Ν.ΛΙΟΣΙΑ -ΑΓ.ΦΑΝΟΥΡΙ
13123,ΒΘ,Ν.ΛΙΟΣΙΑ            
13231,ΒΘ,ΠΕΤΡΟΥΠΟΛΗ          
13232,ΒΘ,ΠΕΤΡΟΥΠΟΛΗ          
13341,ΒΨ,ΑΝΩ ΛΙΟΣΙΑ          
13342,ΒΨ,ΜΕΝΙΔΙ              
13343,ΒΨ,ΜΕΝΙΔΙ              
13344,ΒΨ,ΑΝΩ ΛΙΟΣΙΑ          
13351,ΒΨ,ΦΥΛΗ                
13451,ΒΘ,ΚΑΜΑΤΕΡΟ  - ΖΕΦΥΡΙ  
13461,ΒΨ,ΖΕΦΥΡΙ              
13501,ΒΨ,ΖΕΦΥΡΙ              
13561,ΒΘ,ΑΓ.ΑΝΑΡΓΥΡΟΙ        
13562,ΒΘ,ΑΓ.ΑΝΑΡΓΥΡΟΙ        
13671,ΒΨ,ΠΑΡΝΗΘΑ-ΦΥΛΗ        
13672,ΒΨ,ΜΕΝΙΔΙ              
13673,ΒΨ,ΜΕΝΙΔΙ              
13674,ΒΨ,ΜΕΝΙΔΙ              
13675,ΒΨ,ΜΕΝΙΔΙ              
13676,ΒΨ,ΜΕΝΙΔΙ              
13677,ΒΨ,ΟΛΥΜΠΙΑΚΟ ΧΩΡΙΟ     
13678,ΒΨ,ΟΛΥΜΠΙΑΚΟ ΧΩΡΙΟ     
13679,ΒΨ,ΟΛΥΜΠΙΑΚΟ ΧΩΡΙΟ     
14121,ΒΝ,ΗΡΑΚΛΕΙΟ-Ν.ΗΡΑΚΛΕΙΟ 
14122,ΒΝ,ΗΡΑΚΛΕΙΟ            
14123,ΒΝ,ΜΕΤΑΜΟΡΦΩΣΗ-ΛΥΚΟΒΡΥΣ
14231,ΒΞ,Ν.ΙΩΝΙΑ-ΙΩΝΙΑ       
14232,ΒΞ,Ν.ΙΩΝΙΑ             
14233,ΒΞ,ΝΕΟΚΤΙΣΤΑ ΝΕΑΠΟΛΕΩΣ 
14234,ΒΞ,Ν.ΙΩΝΙΑ-ΕΛΕΥΘΕΡΟΥΠΟΛ
14235,ΒΞ,Ν.ΙΩΝΙΑ-ΚΑΛΟΓΡΕΖΑ   
14341,ΒΞ,Ν.ΦΙΛΑΔΕΛΦΕΙΑ       
14342,ΒΞ,ΝΕΑ ΦΙΛΑΔΕΛΦΕΙΑ     
14343,ΒΞ,Ν.ΧΑΛΚΗΔΟΝΑ         
14451,ΒΝ,ΜΕΤΑΜΟΡΦΩΣΗ         
14452,ΒΝ,ΜΕΤΑΜΟΡΦΩΣΗ         
14561,ΒΗ,ΚΗΦ.-ΑΓ.ΚΥΡ.-ΣΤ.ΗΣΑΠ
14562,ΒΗ,ΚΗΦΙΣΙΑ             
14563,ΒΗ,ΚΗΦΙΣΙΑ-ΠΟΛΙΤΕΙΑ    
14564,ΒΗ,ΚΗΦΙΣΙΑ Ν.ΚΗΦΗΣΙΑ   
14565,ΒΨ,ΑΓΙΟΣ ΣΤΕΦΑΝΟΣ      
14568,ΒΨ,ΚΡΥΟΝΕΡΙ            
14569,ΒΨ,ΑΝΟΙΞΗ              
14572,ΒΨ,ΔΡΟΣΙΑ              
14574,ΒΨ,ΡΟΔΟΠΟΛΗ            
14575,ΒΨ,ΣΤΑΜΑΤΑ             
14576,ΒΨ,ΔΙΟΝΥΣΟΣ            
14578,ΒΨ,ΕΚΑΛΗ               
14671,ΒΗ,Ν.ΕΡΥΘΡΑΙΑ          
15121,ΑΚ,ΠΕΥΚΗ-Κ.ΠΕΥΚΗ       
15122,ΑΚ,ΜΑΡΟΥΣΙ-ΑΜΑΛΙΕΙΟ ΟΡΦ
15123,ΑΚ,ΜΑΡΟΥΣΙ-Ν.ΦΙΛΟΘΕΗ   
15124,ΑΚ,ΜΑΡΟΥΣΙ             
15125,ΑΚ,ΜΑΡΟΥΣΙ-ΠΑΡΑΔΕΙΣΟΣ  
15126,ΑΚ,ΜΑΡΟΥΣΙ-Ν.ΛΕΣΒΟΣ    
15127,ΑΚ,ΜΕΛΙΣΣΙΑ            
15231,ΑΧ,ΧΑΛΑΝΔΡΙ-ΑΓ.ΒΑΡΒΑΡΑ 
15232,ΑΧ,ΧΑΛΑΝΔΡΙ            
15233,ΑΧ,ΧΑΛΑΝΔΡΙ            
15234,ΑΧ,ΧΑΛΑΝΔΡΙ            
15235,ΑΧ,ΒΡΙΛΗΣΣΙΑ           
15236,ΑΧ,ΠΕΝΤΕΛΗ-Ν.ΠΕΝΤΕΛΗ(ΟΡ
15237,ΒΞ,ΦΙΛΟΘΕΗ             
15238,ΑΧ,ΧΑΛΑΝΔΡΙ            
15341,ΑΧ,ΑΓ.ΠΑΡΑΣΚΕΥΗ-Ν.ΖΩΗ  
15342,ΑΧ,ΑΓ.ΠΑΡΑΣΚΕΥΗ-ΑΓΙΑΝΝΗ
15343,ΑΧ,ΑΓ.ΠΑΡΑΣΚΕΥΗ-ΠΕΥΚΑΚΙ
15344,ΑΠ,ΑΝΘΟΥΣΑ             
15349,ΑΠ,ΑΝΘΟΥΣΑ             
15351,ΑΠ,ΠΑΛΛΗΝΗ             
15354,ΑΠ,ΓΛΥΚΑ ΝΕΡΑ          
15451,ΒΙ,Ν.ΨΥΧΙΚΟ            
15452,ΒΞ,ΨΥΧΙΚΟ-ΑΓ.ΔΗΜΗΤΡΙΟΣ 
15561,ΑΧ,ΧΟΛΑΡΓΟΣ-ΝΑΟΣ ΦΑΝΕΡΩ
15562,ΑΧ,ΧΟΛΑΡΓΟΣ-ΠΛ.ΕΘΝ.ΑΝΤΙ
15669,ΒΙ,ΠΑΠΑΓΟΥ             
15771,ΒΙ,ΖΩΓΡΑΦΟΥ -ΑΝΩ ΙΛΙΣΙΑ
15772,ΒΙ,ΖΩΓΡΑΦΟΥ -ΑΝΩ ΙΛΙΣΙΑ
15773,ΒΙ,ΖΩΓΡΑΦΟΥ-ΓΟΥΔΙ      
15780,ΒΙ,ΠΑΝΕΠΙΣΤΗΜΙΟΥΠΟΛΗ   
16121,ΒΣ,ΚΑΙΣΑΡΙΑΝΗ-ΓΗΠ.Ν.ΗΣΤ
16122,ΒΣ,ΚΑΙΣΑΡΙΑΝΗ-Α.ΚΑΙΣΑΡΙ
16231,ΒΣ,ΒΥΡΩΝ-Ν.ΕΛΒΕΤΙΑ     
16232,ΒΣ,ΒΥΡΩΝΑΣ             
16233,ΒΣ,ΒΥΡΩΝ-ΖΩΟΔΟΧΟΣ ΠΗΓΗ 
16341,ΒΕ,ΗΛΙΟΥΠΟΛΗ-Κ.ΗΛΙΟΥΠΟΛ
16342,ΒΕ,ΗΛΙΟΥΠΟΛΗ-ΑΣΤΥΝΟΜΙΚΑ
16343,ΒΕ,ΗΛΙΟΥΠΟΛΗ-ΑΝ.ΗΛΙΟΥΠΟ
16344,ΒΕ,ΗΛΙΟΥΠΟΛΗ-ΑΝΩ ΗΛΙΟΥΠ
16345,ΒΕ,ΗΛΙΟΥΠΟΛΗ-Α.ΗΛΙΟΥΠΟΛ
16346,ΒΕ,ΗΛΙΟΥΠΟΛΗ-Κ.ΗΛΙΟΥΠΟΛ
16451,ΑΑ,ΑΡΓΥΡΟΥΠΟΛΗ         
16452,ΑΑ,ΑΡΓΥΡΟΥΠΟΛΗ         
16561,ΑΣ,ΓΛΥΦΑΔΑ-Α.ΓΛΥΦΑΔΑ   
16562,ΑΣ,ΓΛΥΦΑΔΑ-ΤΕΡΨΙΘΕΑ    
16671,ΑΣ,ΒΟΥΛΙΑΓΜ.-Μ.ΚΑΒΟΥΡΙ 
16672,ΑΣ,ΒΑΡΗ                
16673,ΑΣ,ΒΟΥΛΑ-ΑΝΩ ΒΟΥΛΑ     
16674,ΑΣ,ΓΛΥΦΑΔΑ             
16675,ΑΣ,ΓΛΥΦΑΔΑ             
16777,ΑΑ,ΕΛΛΗΝΙΚΟ-ΑΓ.ΠΑΡΑΣΚΕΥ
17121,ΒΒ,Ν.ΣΜΥΡΝΗ-ΓΗΠ.ΠΑΝΙΩΝΙ
17122,ΒΒ,Ν.ΣΜΥΡΝΗ            
17123,ΒΒ,Ν.ΣΜΥΡΝΗ-ΠΛ.ΗΡ.ΚΥΠΡΟ
17124,ΒΒ,Ν.ΣΜΥΡΝΗ-ΑΝΩ Ν.ΣΜΥΡΝ
17234,ΒΕ,ΔΑΦΝΗ-Α.ΔΑΦΝΗ       
17235,ΒΕ,ΔΑΦΝΗ               
17236,ΒΕ,ΥΜΗΤΤΟΣ-ΚΑΛΥΚΟΠΟΙΕΙΟ
17237,ΒΕ,ΥΜΗΤΤΟΣ - ΠΑΡ.ΑΛΕΞΑΝ
17341,ΒΕ,ΑΓ.ΔΗΜΗΤΡΙΟΣ        
17342,ΒΕ,ΑΓ.ΔΗΜΗΤΡ.-ΕΘΝ.ΑΝΤΙΣ
17343,ΒΕ,ΑΓ.ΔΗΜΗΤΡΙΟΣ-ΑΝΟΙΞΗ 
17455,ΑΑ,ΑΛΙΜΟΣ-ΚΑΛΑΜΑΚΙ     
17456,ΑΑ,ΑΛΙΜΟΣ-ΕΚΤΕΛΩΝΙΣΤΩΝ 
17561,ΒΒ,Π.ΦΑΛΗΡΟ            
17562,ΒΒ,Π.ΦΑΛΗΡΟ            
17563,ΒΒ,Π.ΦΑΛΗΡΟ            
17564,ΒΒ,Π.ΦΑΛΗΡΟ-ΑΜΦΙΘΕΑ    
17671,ΒΚ,ΚΑΛΛΙΘΕΑ-ΧΑΡΟΚΟΠΟΥ  
17672,ΒΚ,ΚΑΛΛΙΘΕΑ-ΧΑΡΟΚΟΠΟΥ  
17673,ΒΚ,ΚΑΛΛΙΘΕΑ-ΜΕΤΑΜΟΡΦΩΣΗ
17674,ΒΚ,ΚΑΛΛΙΘΕΑ-ΤΖΙΤΖΙΦΙΕΣ 
17675,ΒΚ,ΚΑΛΛΙΘΕΑ-ΑΓ.ΕΛΕΟΥΣΑ 
17676,ΒΚ,ΚΑΛΛΙΘΕΑ-ΠΛ.ΚΑΛΛΙΘΕΑ
17778,ΒΤ,ΤΑΥΡΟΣ              
18010,ΓΑ,ΑΙΓΙΝΑ              
18020,ΠΟ,ΠΟΡΟΣ               
18030,ΠΟ,ΜΕΘΑΝΑ              
18040,ΥΔ,ΥΔΡΑ                
18050,ΣΣ,ΣΠΕΤΣΕΣ             
18120,ΑΖ,ΚΟΡΥΔΑΛ.-ΠΛ.ΕΛΕΥΘΕΡ.
18121,ΑΖ,ΚΟΡΥΔΑΛΛΟΣ-ΦΥΛΑΚΕΣ  
18122,ΑΖ,ΚΟΡΥΔΑΛΛΟΣ-ΧΩΜΑΤΕΡΗ 
18233,ΒΤ,ΑΓ.Ι.ΡΕΝΤΗΣ         
18344,ΒΤ,ΜΟΣΧΑΤΟ             
18345,ΒΤ,ΜΟΣΧΑΤΟ             
18346,ΒΤ,ΜΟΣΧΑΤΟ             
18450,ΑΖ,ΝΙΚΑΙΑ ΑΓ.ΧΡΥΣΟΣΤΟΜΟ
18451,ΑΖ,ΝΙΚΑΙΑ - ΝΕΑΠΟΛΗΣ   
18452,ΑΖ,ΝΙΚΑΙΑ-ΝΕΑΠΟΛΗ      
18453,ΑΖ,ΝΙΚΑΙΑ - ΝΕΑΠΟΛΗΣ   
18454,ΑΖ,ΝΙΚΑΙΑ-ΑΣΠΡΑ ΧΩΜΑΤΑ 
18510,ΑΖ,ΤΕΛΩΝΕΙΟ Α'         
18531,ΑΔ,ΠΕΙΡΑΙΑΣ            
18532,ΑΔ,ΠΕΙΡΑΙΑΣ            
18533,ΑΔ,ΠΕΙΡΑΙΑΣ-ΚΑΣΤΕΛΛΑ   
18534,ΑΔ,ΠΕΙΡΑΙΑΣ-ΠΛ.ΑΛΕΞΑΝΔΡ
18535,ΑΔ,ΠΕΙΡΑΙΑ             
18536,ΑΔ,ΠΕΙΡΑΙΑΣ-ΧΑΤΖΗΚΥΡΙΑΚ
18537,ΑΔ,ΠΕΙΡΑΙΑΣ-ΑΓ.ΝΙΚΟΛΑΟΣ
18538,ΑΔ,ΠΕΙΡΑΙΑΣ-ΧΑΤΖΗΚΥΡΙΑΚ
18539,ΑΔ,ΠΕΙΡΑΙΑΣ-ΚΑΛΛΙΠΟΛΙΣ 
18540,ΑΔ,ΠΕΙΡΑΙΑΣ            
18541,ΑΔ,ΠΕΙΡΑΙΑΣ ΑΠΟΛΛΩΝΟΣ  
18542,ΑΔ,ΠΕΙΡΑΙΕΥΣ-ΚΟΚΚΙΝΙΑ  
18543,ΑΔ,ΠΕΙΡΑΙΑΣ-ΜΑΝΙΑΤΙΚΑ  
18544,ΑΔ,ΝΙΚΑΙΑ-ΠΕΙΡΑΙΑΣ     
18545,ΑΔ,ΠΕΙΡΑΙΑ-ΤΑΜΠΟΥΡΙΑ   
18546,ΑΔ,ΠΕΙΡΑΙΑΣ-ΤΑΜΠΟΥΡΙΑ  
18547,ΑΔ,ΠΕΙΡΑΙΑΣ-Ν.ΦΑΛΗΡΟ   
18648,ΑΖ,ΔΡΑΠΕΤΣΩΝΑ          
18755,ΑΖ,ΚΕΡΑΤΣΙΝΙ           
18756,ΑΖ,ΚΕΡΑΤΣΙΝΙ-ΑΓ.ΓΕΩΡΓ. 
18757,ΑΖ,ΚΕΡΑΤΣΙΝΙ-ΑΜΦΙΑΛΗ   
18758,ΑΖ,ΚΕΡΑΤΣΙΝΙ-ΑΜΦΙΑΛΗ   
18863,ΑΖ,ΠΕΡΑΜΑ              
18900,ΣΛ,ΣΑΛΑΜΙΝΑ            
18901,ΣΛ,ΣΑΛΑΜΙΝΑ            
18902,ΣΛ,ΣΑΛΑΜΙΝΑ            
18903,ΣΛ,ΣΑΛΑΜΙΝΑ            
19001,ΒΖ,ΚΕΡΑΤΕΑ             
19002,ΠΝ,ΠΑΙΑΝΙΑ             
19003,ΠΝ,ΜΑΡΚΟΠΟΥΛΟ          
19004,ΑΠ,ΣΠΑΤΑ               
19005,ΑΩ,ΑΓ.ΑΝΔΡΕΑ-ΖΟΥΜΠΕΡΙ  
19006,ΒΓ,ΝΕΑ ΠΕΡΑΜΟΣ-Μ.ΠΕΥΚΟ 
19007,ΑΩ,ΜΑΡΑΘΩΝΑΣ           
19008,ΘΒ,ΕΡΥΘΡΕΣ             
19009,ΑΩ,ΠΙΚΕΡΜΙ-ΜΑΤΙ        
19010,ΒΖ,ΚΑΛΥΒΙΑ ΘΟΡΙΚΟΥ     
19011,ΒΨ,ΜΑΛΑΚΑΣΑ            
19012,ΠΓ,ΒΙΛΙΑ-ΠΟΡΤΟ ΓΕΡΜΕΝΟ 
19013,ΒΖ,ΣΑΡΩΝΙΔΑ-ΑΝΑΒΥΣΟΣ   
19014,ΒΨ,ΚΑΠΑΝΔΡΙΤΙ-ΒΑΡΝΑΒΑΣ 
19015,ΒΨ,ΩΡΩΠΟΣ-ΚΑΛΑΜΟΣ      
19016,ΑΩ,ΑΡΤΕΜΙΣ  (ΛΟΥΤΣΑ)   
19018,ΠΓ,ΜΑΓΟΥΛΑ             
19100,ΒΓ,ΜΕΓΑΡΑ              
19200,ΠΓ,ΜΑΓΟΥΛΑ             
19300,ΠΓ,ΑΣΠΡΟΠΥΡΓΟΣ         
19400,ΠΝ,ΚΟΡΩΠΙ-KΑΡΕΛΛΑΣ     
19500,ΒΖ,ΛΑΥΡΙΟ              
19600,ΠΓ,ΜΑΝΔΡΑ              
20000,ΑΘ,ΚΕΝΤΡΙΚΑ ΑΘ         
20001,ΚΟ,ΖΕΥΓΟΛΑΤΕΙΟ         
20002,ΚΟ,ΒΕΛΟ                
20003,ΚΟ,ΑΓΙΟΙ ΘΕΟΔΩΡΟΙ      
20004,ΚΟ,ΣΟΦΙΚΟ              
20005,ΚΟ,ΑΘΙΚΙΑ              
20006,ΚΟ,ΒΡΑΧΑΤΙ             
20007,ΚΟ,ΑΡΧΑΙΑ ΚΟΡΙΝΘΟΣ     
20008,ΚΟ,ΧΙΛΙΟΜΟΔΙ           
20009,ΚΟ,ΔΕΡΒΕΝΙ             
20010,ΚΟ,ΙΣΘΜΙΑ              
20011,ΚΟ,ΠΕΡΙΓΙΑΛΙ           
20012,ΚΟ,ΛΥΚΟΠΟΡΙΑ           
20013,ΚΟ,ΕΛΛΗΝΙΚΟ            
20014,ΚΟ,ΓΚΟΥΡΑ              
20015,ΚΟ,ΣΟΥΛΙ               
20016,ΚΟ,ΚΑΛΙΑΝΟΙ            
20017,ΚΟ,ΚΛΗΜΕΝΤΙ            
20100,ΚΟ,ΚΟΡΙΝΘΟΣ            
20200,ΚΟ,ΚΙΑΤΟ               
20300,ΚΟ,ΛΟΥΤΡΑΚΙ            
20400,ΚΟ,ΞΥΛΟΚΑΣΤΡΟ          
20500,ΚΟ,ΝΕΜΕΑ               
21051,ΚΔ,ΕΡΜΙΟΝΗ             
21052,ΝΠ,ΛΥΓΟΥΡΙΟ            
21053,ΑΟ,ΝΕΑ ΚΙΟΣ            
21054,ΝΠ,ΝΕΑ ΕΠΙΔΑΥΡΟΣ       
21055,ΝΠ,ΑΓΙΑ ΤΡΙΑΔΑ ΑΡΓΟΛΙΔ.
21056,ΝΠ,ΤΟΛΟ                
21057,ΑΟ,ΑΧΛΑΔΟΚΑΜΠΟΣ        
21058,ΑΟ,ΛΥΡΚΕΙΑ             
21059,ΝΠ,ΠΑΛΑΙΑ ΕΠΙΔΑΥΡΟΣ    
21060,ΝΠ,ΔΡΕΠΑΝΟ             
21061,ΚΔ,ΠΟΡΤΟΧΕΛΙ           
21100,ΝΠ,ΝΑΥΠΛΙΟ             
21200,ΑΟ,ΑΡΓΟΣ               
21300,ΚΔ,ΚΡΑΝΙΔΙ             
22001,ΑΟ,ΑΣΤΡΟΣ              
22002,ΤΙ,ΛΕΒΙΔΙ              
22003,ΤΙ,ΛΑΓΚΑΔΙΑ            
22004,ΤΙ,ΚΑΝΔΗΛΑ             
22005,ΤΙ,ΝΕΣΤΑΝΗ             
22006,ΑΟ,ΑΓΙΟΣ ΑΝΔΡΕΑΣ       
22007,ΤΙ,ΔΗΜΗΤΣΑΝΑ           
22008,ΤΙ,ΤΡΟΠΑΙΑ             
22009,ΤΙ,ΑΓΙΟΣ ΠΕΤΡΟΣ        
22010,ΤΙ,ΒΥΤΙΝΑ              
22011,ΤΙ,ΚΟΛΛΙΝΕΣ            
22012,ΤΙ,ΣΤΑΔΙΟ              
22013,ΤΙ,ΚΑΣΤΡΙ              
22014,ΤΙ,ΒΑΛΤΕΣΙΝΙΚΟ         
22015,ΤΙ,ΚΟΝΤΙΒΑΖΑΙΝΑ        
22016,ΤΙ,ΒΛΑΧΟΚΕΡΑΣΕΑ        
22017,ΤΙ,ΔΑΡΑΣ               
22018,ΤΙ,ΕΛΑΙΟΧΩΡΙ           
22019,ΑΟ,ΠΑΡΑΛΙΟ ΑΣΤΡΟΣ      
22020,ΤΙ,ΚΟΣΜΑΣ              
22021,ΤΙ,ΛΕΟΝΤΑΡΙ            
22022,ΤΙ,ΚΑΡΙΤΑΙΝΑ           
22024,ΤΙ,ΣΤΕΜΝΙΤΣΑ           
22025,ΤΙ,ΙΣΑΡΗΣ              
22026,ΤΙ,ΜΑΓΟΥΛΙΑΝΑ          
22027,ΤΙ,ΚΑΤΩ ΑΣΕΑ           
22028,ΤΙ,ΠΑΛΟΥΜΠΑ            
22029,ΑΟ,ΤΥΡΟΣ               
22100,ΤΙ,ΤΡΙΠΟΛΗ             
22200,ΤΙ,ΜΕΓΑΛΟΠΟΛΗ          
22300,ΑΟ,ΛΕΩΝΙΔΙ             
23051,ΣΠ,ΣΚΑΛΑ               
23052,ΣΠ,ΜΟΛΑΟΙ              
23053,ΣΠ,ΝΕΑΠΟΛΗ ΛΑΚΩΝΙΑΣ    
23054,ΣΠ,ΞΗΡΟΚΑΜΠΙ           
23055,ΣΠ,ΒΛΑΧΙΩΤΗΣ           
23056,ΣΠ,ΠΑΠΑΔΙΑΝΙΚΑ         
23057,ΣΠ,ΚΡΟΚΕΕΣ             
23058,ΣΠ,ΓΕΡΑΚΙ              
23059,ΣΠ,ΚΑΣΤΟΡΕΙΟ           
23060,ΣΠ,ΝΙΑΤΑ               
23061,ΣΠ,ΑΓΙΟΣ ΝΙΚΟΛΑΟΣ ΛΑΚΩΝ
23062,ΣΠ,ΑΡΕΟΠΟΛΗ            
23063,ΣΠ,ΠΥΡΓΟΣ ΔΙΡΟΥ        
23064,ΣΠ,ΣΕΛΑΣΙΑ             
23065,ΣΠ,ΓΕΩΡΓΙΤΣΙ           
23066,ΣΠ,ΚΟΤΡΩΝΑΣ            
23067,ΣΠ,ΚΑΡΥΕΣ ΛΑΚΩΝΙΑΣ     
23068,ΣΠ,ΡΕΙΧΕΑ              
23069,ΣΠ,ΒΡΕΣΘΕΝΑ            
23070,ΣΠ,ΜΟΝΕΜΒΑΣΙΑ          
23071,ΣΠ,ΓΕΡΟΛΙΜΕΝΑ          
23100,ΣΠ,ΣΠΑΡΤΗ              
23200,ΣΠ,ΓΥΘΕΙΟ              
24001,ΚΛ,ΠΥΛΟΣ               
24002,ΚΛ,ΜΕΛΙΓΑΛΑΣ           
24003,ΚΛ,ΚΟΠΑΝΑΚΙ            
24004,ΚΛ,ΚΟΡΩΝΗ              
24005,ΚΛ,ΠΕΤΑΛΙΔΙ            
24006,ΚΛ,ΜΕΘΩΝΗ              
24007,ΚΛ,ΑΡΦΑΡΑ              
24008,ΚΛ,ΔΙΑΒΟΛΙΤΣΙ          
24009,ΚΛ,ΘΟΥΡΙΑ              
24010,ΚΛ,ΛΟΓΓΑ               
24011,ΚΛ,ΔΩΡΙΟ               
24012,ΚΛ,ΑΡΙΣ                
24013,ΚΛ,ΑΝΔΡΟΥΣΑ            
24014,ΚΛ,ΧΑΤΖΗΣ              
24015,ΚΛ,ΑΡΙΣΤΟΜΕΝΗΣ         
24016,ΚΛ,ΚΑΜΠΟΣ              
24017,ΚΛ,ΑΕΤΟΣ               
24018,ΚΛ,ΨΑΡΙ                
24019,ΚΛ,ΟΙΧΑΛΙΑ             
24020,ΚΛ,ΑΛΑΓΟΝΙΑ            
24021,ΚΛ,ΣΙΔΗΡΟΚΑΣΤΡΟ ΜΕΣΣΗΝΙ
24022,ΚΛ,ΚΑΡΔΑΜΥΛΗ           
24023,ΚΛ,ΠΛΑΤΣΑ              
24024,ΚΛ,ΑΓΙΟΣ ΝΙΚΟΛΑΟΣ ΜΕΣΣΗ
24100,ΚΛ,ΚΑΛΑΜΑΤΑ            
24101,ΚΛ,ΚΑΛΑΜΑΤΑ            
24200,ΚΛ,ΜΕΣΣΗΝΗ             
24300,ΚΛ,ΦΙΛΙΑΤΡΑ            
24400,ΚΛ,ΓΑΡΓΑΛΙΑΝΟΙ         
24500,ΚΛ,ΚΥΠΑΡΙΣΣΙΑ          
24600,ΚΛ,ΧΩΡΑ                
25001,ΑΙ,ΚΑΛΑΒΡΥΤΑ           
25002,ΠΚ,ΒΡΑΧΝΑΙΙΚΑ          
25003,ΑΙ,ΔΙΑΚΟΠΤΟ            
25004,ΑΙ,ΔΑΦΝΗ ΑΧΑΙΑΣ        
25005,ΠΚ,ΣΑΓΑΙΙΚΑ            
25006,ΑΙ,ΑΚΡΑΤΑ              
25007,ΑΙ,ΚΛΕΙΤΟΡΙΑ           
25008,ΠΚ,ΧΑΛΑΝΔΡΙΤΣΑ         
25009,ΑΙ,ΛΑΜΠΙΡΙ             
25010,ΑΙ,ΑΙΓΕΙΡΑ             
25011,ΑΙ,ΚΕΡΤΕΖΗ             
25012,ΑΙ,ΛΙΒΑΡΤΖΙ            
25013,ΑΙ,ΜΑΝΕΣΙ              
25014,ΑΙ,ΠΛΑΤΑΝΟΣ            
25015,ΠΚ,ΕΡΥΜΑΝΘΕΙΑ          
25016,ΑΙ,ΑΡΟΑΝΙΑ             
25017,ΑΙ,ΚΕΡΠΙΝΗ             
25018,ΠΚ,ΒΙ.ΠΕ. ΠΑΤΡΩΝ       
25100,ΑΙ,ΑΙΓΙΟ               
25200,ΠΚ,ΚΑΤΩ ΑΧΑΙΑ          
26221,ΠΤ,ΠΑΤΡΑ               
26222,ΠΤ,ΠΑΤΡΑ               
26223,ΠΤ,ΠΑΤΡΑ               
26224,ΠΤ,ΠΑΤΡΑ               
26225,ΠΤ,ΠΑΤΡΑ               
26226,ΠΠ,ΠΑΤΡΑ               
26331,ΠΠ,ΠΑΤΡΑ               
26332,ΠΠ,ΠΑΤΡΑ               
26333,ΠΠ,ΠΑΤΡΑ               
26334,ΠΠ,ΠΑΤΡΑ               
26335,ΠΠ,ΠΑΤΡΑ               
26441,ΠΒ,ΠΑΤΡΑ               
26442,ΠΒ,ΠΑΤΡΑ               
26443,ΠΒ,ΠΑΤΡΑ               
26444,ΠΒ,ΠΑΤΡΑ               
26500,ΠΠ,ΠΑΤΡΑ               
26504,ΠΒ,ΠΑΤΡΑ               
27050,ΑΜ,ΒΑΡΘΟΛΟΜΙΟ          
27051,ΑΜ,ΑΝΔΡΑΒΙΔΑ           
27052,ΑΜ,Σ. Σ. ΒΑΡΔΑΣ        
27053,ΑΜ,ΛΕΧΑΙΝΑ             
27054,ΠΥ,ΖΑΧΑΡΩ              
27055,ΠΥ,ΚΡΕΣΤΕΝΑ            
27056,ΠΥ,ΝΕΑ ΦΙΓΑΛΕΙΑ        
27057,ΑΜ,ΤΡΑΓΑΝΟ             
27058,ΠΥ,ΕΠΙΤΑΛΙΟ            
27059,ΑΜ,ΧΑΒΑΡΙ              
27060,ΠΥ,ΠΕΛΟΠΙΟ             
27061,ΠΥ,ΑΝΔΡΙΤΣΑΙΝΑ         
27062,ΠΥ,ΚΑΛΛΙΘΕΑ            
27063,ΑΜ,ΛΑΜΠΕΙΑ             
27064,ΠΥ,ΚΑΡΑΤΟΥΛΑ           
27065,ΠΥ,ΑΡΧΑΙΑ ΟΛΥΜΠΙΑ      
27066,ΠΥ,ΛΑΛΑΣ               
27067,ΠΥ,ΚΑΤΑΚΟΛΟ            
27068,ΑΜ,ΚΥΛΛΗΝΗ             
27069,ΑΜ,ΕΦΥΡΑ               
27100,ΠΥ,ΠΥΡΓΟΣ              
27200,ΑΜ,ΑΜΑΛΙΑΔΑ            
27300,ΑΜ,ΓΑΣΤΟΥΝΗ            
28080,ΚΦ,ΣΑΜΗ                
28081,ΚΦ,ΑΓΙΑ ΕΥΦΗΜΙΑ        
28082,ΚΦ,ΧΙΟΝΑΤΑ             
28083,ΚΦ,ΚΕΡΑΜΕΙΕΣ           
28084,ΚΦ,ΦΙΣΚΑΡΔΟ            
28085,ΚΦ,ΒΑΣΙΛΙΚΙΑΔΕΣ        
28086,ΚΦ,ΠΟΡΟΣ               
28100,ΚΦ,ΑΡΓΟΣΤΟΛΙ           
28200,ΚΦ,ΛΗΞΟΥΡΙ             
28300,ΚΦ,ΙΘΑΚΗ               
28301,ΚΦ,ΣΤΑΥΡΟΣ ΙΘΑΚΗΣ      
29090,ΖΚ,ΚΑΤΑΣΤΑΡΙ           
29091,ΖΚ,ΒΟΛΙΜΕΣ             
29092,ΖΚ,ΜΑΧΑΙΡΑΔΟ           
29100,ΖΚ,ΖΑΚΥΝΘΟΣ            
30000,ΘΣ,ΚΕΝΤΡΙΚΑ ΘΕΣΣΑΛΟΝΙΚΗ
30001,ΜΣ,ΝΕΟΧΩΡΙ             
30002,ΛΚ,ΒΟΝΙΤΣΑ             
30003,ΑΓ,ΠΑΝΑΙΤΩΛΙΟ          
30004,ΜΦ,ΚΑΤΟΥΝΑ             
30005,ΑΓ,ΚΑΙΝΟΥΡΓΙΟ          
30006,ΜΣ,ΑΣΤΑΚΟΣ             
30007,ΜΣ,ΚΑΤΟΧΗ              
30008,ΑΓ,ΘΕΡΜΟ               
30009,ΑΓ,ΦΥΤΕΙΕΣ             
30010,ΑΓ,ΠΑΡΑΒΟΛΑ            
30011,ΑΓ,ΜΑΤΑΡΑΓΚΑ           
30012,ΛΚ,ΠΑΛΑΙΡΟΣ            
30013,ΛΚ,ΜΟΝΑΣΤΗΡΑΚΙ         
30014,ΜΣ,ΕΥΗΝΟΧΩΡΙ           
30015,ΑΓ,ΓΑΒΑΛΟΥ             
30016,ΑΡ,ΜΕΝΙΔΙ ΑΙΤΩΛ/ΝΙΑΣ   
30017,ΜΦ,ΕΜΠΕΣΟΣ             
30018,ΜΦ,ΑΜΟΡΓΙΑΝΟΙ          
30019,ΛΚ,ΜΥΤΙΚΑΣ             
30020,ΝΑ,ΑΝΤΙΡΡΙΟ            
30021,ΑΓ,ΑΓΙΟΣ ΒΛΑΣΙΟΣ       
30022,ΑΓ,ΠΛΑΤΑΝΟΣ            
30023,ΝΑ,ΑΝΩ ΧΩΡΑ            
30024,ΝΑ,ΤΕΡΨΙΘΕΑ            
30025,ΝΑ,ΚΛΕΠΑ               
30026,ΝΑ,ΣΙΜΟΣ               
30027,ΑΓ,ΑΓΙΟΣ ΚΩΝΣΤΑΝΤΙΝΟΣ  
30100,ΑΓ,ΑΓΡΙΝΙΟ             
30200,ΜΣ,ΜΕΣΟΛΟΓΓΙ           
30214,ΜΣ,ΕΥΗΝΟΧΩΡΙ           
30300,ΝΑ,ΝΑΥΠΑΚΤΟΣ           
30400,ΜΣ,ΑΙΤΩΛΙΚΟ            
30500,ΜΦ,ΑΜΦΙΛΟΧΙΑ           
31080,ΛΚ,ΚΑΡΥΑ               
31081,ΜΦ,ΚΑΛΑΜΟΣ             
31082,ΛΚ,ΒΑΣΙΛΙΚΗ            
31083,ΛΚ,ΒΑΘΥ                
31084,ΛΚ,ΝΥΔΡΙ               
31100,ΛΚ,ΛΕΥΚΑΔΑ             
32001,ΛΒ,ΑΛΙΑΡΤΟΣ            
32002,ΘΒ,ΒΑΓΙΑ               
32003,ΛΒ,ΠΑΡΑΛΙΑ ΔΙΣΤΟΜΟΥ    
32004,ΛΒ,ΑΡΑΧΩΒΑ             
32005,ΛΒ,ΔΙΣΤΟΜΟ             
32006,ΛΒ,ΚΥΡΙΑΚΙ             
32007,ΛΒ,ΑΓΙΟΣ ΓΕΩΡΓΙΟΣ ΒΟΙΩΤ
32008,ΛΒ,ΔΑΥΛΕΙΑ             
32009,ΧΛ,ΣΧΗΜΑΤΑΡΙ           
32010,ΘΒ,ΔΟΜΒΡΑΙΝΑ           
32011,ΧΛ,ΟΙΝΟΦΥΤΑ            
32012,ΛΒ,ΑΝΤΙΚΥΡΑ            
32100,ΛΒ,ΛΙΒΑΔΕΙΑ            
32200,ΘΒ,ΘΗΒΑ                
32300,ΛΒ,ΟΡΧΟΜΕΝΟΣ           
33050,ΑΦ,ΔΕΣΦΙΝΑ             
33051,ΛΒ,ΠΟΛΥΔΡΟΣΟΣ          
33052,ΑΦ,ΓΑΛΑΞΙΔΙ            
33053,ΑΦ,ΛΙΔΟΡΙΚΙ            
33054,ΑΦ,ΔΕΛΦΟΙ              
33055,ΑΦ,ΧΡΥΣΟ ΦΩΚΙΔΑΣ       
33056,ΝΑ,ΕΥΠΑΛΙΟ             
33057,ΛΒ,ΓΡΑΒΙΑ              
33058,ΑΦ,ΕΡΑΤΕΙΝΗ            
33059,ΝΑ,ΑΡΤΟΤΙΝΑ            
33060,ΝΑ,ΠΟΤΙΔΑΝΙΑ           
33061,ΝΑ,ΚΡΟΚΥΛΕΙΟ           
33062,ΝΑ,ΠΕΝΤΑΓΙΟΙ           
33063,ΑΦ,ΜΑΥΡΟΛΙΘΑΡΙ         
33100,ΑΦ,ΑΜΦΙΣΣΑ             
33200,ΑΦ,ΙΤΕΑ ΦΩΚΙΔΑΣ        
34001,ΕΝ,ΚΑΡΥΣΤΟΣ            
34002,ΧΛ,ΒΑΣΙΛΙΚΟ            
34003,ΕΝ,ΚΥΜΗ                
34004,ΕΒ,ΜΑΝΤΟΥΔΙ            
34005,ΕΒ,ΛΙΜΝΗ               
34006,ΕΝ,ΑΜΑΡΥΝΘΟΣ           
34007,ΕΝ,ΣΚΥΡΟΣ              
34008,ΧΛ,ΕΡΕΤΡΙΑ             
34009,ΕΝ,ΑΥΛΩΝΑΡΙ            
34010,ΕΒ,ΑΓΙΑ ΑΝΝΑ           
34011,ΕΝ,ΟΞΥΛΙΘΟΣ            
34012,ΕΒ,ΩΡΕΟΙ               
34013,ΕΝ,ΜΑΡΜΑΡΙ             
34014,ΧΛ,ΣΤΕΝΗ ΔΙΡΦΥΟΣ       
34015,ΕΝ,ΣΤΥΡΑ               
34016,ΕΝ,ΚΟΝΙΣΤΡΕΣ           
34017,ΕΝ,ΚΡΙΕΖΑ              
34018,ΧΛ,ΚΑΘΕΝΟΙ             
34019,ΕΝ,ΚΑΛΗΜΕΡΙΑΝΟΙ        
34100,ΧΛ,ΧΑΛΚΙΔΑ - ΒΑΘΥ ΑΥΛΙΔ
34200,ΕΒ,ΙΣΤΙΑΙΑ             
34300,ΕΒ,ΛΟΥΤΡΑ ΑΙΔΗΨΟΥ      
34400,ΧΛ,ΨΑΧΝΑ               
34500,ΕΝ,ΑΛΙΒΕΡΙ             
34600,ΧΛ,ΝΕΑ ΑΡΤΑΚΗ          
35001,ΛΜ,ΜΑΛΕΣΙΝΑ            
35002,ΛΒ,ΑΜΦΙΚΛΕΙΑ           
35003,ΛΜ,ΣΠΕΡΧΕΙΑΔΑ          
35004,ΛΒ,ΕΛΑΤΕΙΑ             
35005,ΛΜ,ΜΑΡΤΙΝΟ             
35006,ΛΜ,ΑΓΙΟΣ ΚΩΝΣΤΑΝΤΙΝΟΣ  
35007,ΛΜ,ΛΙΒΑΝΑΤΕΣ           
35008,ΛΜ,ΚΑΜ. ΒΟΥΡΛΑ         
35009,ΛΜ,ΜΩΛΟΣ               
35010,ΛΜ,ΔΟΜΟΚΟΣ             
35011,ΛΜ,ΜΑΚΡΑΚΩΜΗ           
35012,ΛΜ,ΛΑΡΥΜΝΑ             
35013,ΛΜ,ΠΕΛΑΣΓΙΑ            
35014,ΛΜ,ΑΝΘΗΛΗ              
35015,ΛΒ,ΚΑΤΩ ΤΙΘΟΡΕΑ        
35016,ΛΜ,ΥΠΑΤΗ               
35017,ΛΜ,ΑΓΙΟΣ ΓΕΩΡΓΙΟΣ ΦΘΙΩΤ
35018,ΛΜ,ΓΑΡΔΙΚΙ             
35100,ΛΜ,ΛΑΜΙΑ               
35200,ΛΜ,ΑΤΑΛΑΝΤΗ            
35300,ΛΜ,ΣΤΥΛΙΔΑ             
36070,ΚΕ,ΡΑΠΤΟΠΟΥΛΟ          
36071,ΚΕ,ΚΕΑΣΟΧΩΡΙ           
36072,ΚΕ,ΓΡΑΝΙΤΣΑ            
36073,ΚΕ,ΑΓΡΑΦΑ              
36074,ΚΕ,ΠΡΟΥΣΟΣ             
36075,ΚΕ,ΜΕΓΑΛΟ ΧΩΡΙΟ        
36076,ΚΕ,ΚΡΙΚΕΛΛΟ            
36080,ΚΕ,ΦΟΥΡΝΑ              
36081,ΚΕ,ΑΓΙΑ ΤΡΙΑΔΑ ΕΥΡΥΤ.  
36100,ΚΕ,ΚΑΡΠΕΝΗΣΙ           
37001,ΒΛ,ΖΑΓΟΡΑ              
37002,ΣΘ,ΣΚΙΑΘΟΣ             
37003,ΣΒ,ΣΚΟΠΕΛΟΣ            
37004,ΣΒ,ΓΛΩΣΣΑ              
37005,ΛΝ,ΑΛΟΝΝΗΣΟΣ           
37006,ΒΛ,ΑΡΓΑΛΑΣΤΗ           
37007,ΒΛ,ΠΤΕΛΕΟΣ             
37008,ΒΛ,ΣΟΥΡΠΗ              
37009,ΒΛ,ΤΡΙΚΕΡΙ             
37010,ΒΛ,ΜΗΛΙΕΣ              
37011,ΒΛ,ΠΟΡΤΑΡΙΑ            
37012,ΒΛ,ΤΣΑΓΚΑΡΑΔΑ          
37013,ΒΛ,ΜΗΛΙΝΑ              
37100,ΒΛ,ΑΛΜΥΡΟΣ             
37200,ΒΛ,ΑΓΙΟΣ ΓΕΩΡΓΙΟΣ ΙΩΛΚΟ
37300,ΒΛ,ΑΓΡΙΑ               
37400,ΒΛ,ΝΕΑ ΑΓΧΙΑΛΟΣ        
37500,ΒΛ,ΒΕΛΕΣΤΙΝΟ           
38001,ΒΛ,ΒΟΛΟΣ               
38002,ΒΛ,ΝΕΑ ΙΩΝΙΑ           
38003,ΒΛ,ΒΟΛΟΣ               
38221,ΒΛ,ΒΟΛΟΣ               
38222,ΒΛ,ΒΟΛΟΣ               
38300,ΒΛ,ΒΟΛΟΣ               
38322,ΒΛ,ΒΟΛΟΣ               
38331,ΒΛ,ΒΟΛΟΣ               
38333,ΒΛ,ΒΟΛΟΣ               
38334,ΒΛ,ΒΟΛΟΣ               
38445,ΒΛ,ΝΕΑ ΙΩΝΙΑ  ΒΟΛΟΣ    
38446,ΒΛ,ΒΟΛΟΣ               
38500,ΒΛ,ΒΟΛΟΣ               
40001,ΛΤ,ΚΡΑΝΕΑ              
40002,ΛΤ,ΛΙΒΑΔΙ              
40003,ΛΤ,ΑΓΙΑ                
40004,ΛΤ,ΓΟΝΝΟΙ              
40005,ΛΤ,ΒΕΡΔΙΚΟΥΣΙΑ         
40006,ΛΡ,ΣΥΚΟΥΡΙ             
40007,ΛΤ,ΠΥΡΓΕΤΟΣ            
40008,ΛΤ,ΡΑΨΑΝΗ              
40009,ΛΡ,ΠΛΑΤΥΚΑΜΠΟΣ         
40010,ΛΤ,ΤΣΑΡΙΤΣΑΝΗ          
40011,ΛΤ,ΦΑΛΑΝΗ              
40100,ΛΤ,ΤΥΡΝΑΒΟΣ            
40200,ΛΤ,ΕΛΑΣΣΟΝΑ            
40300,ΛΤ,ΦΑΡΣΑΛΑ             
40400,ΛΤ,ΑΜΠΕΛΩΝΑΣ           
41001,ΛΡ,ΛΑΡΙΣΑ              
41221,ΛΡ,ΛΑΡΙΣΑ              
41222,ΛΡ,ΛΑΡΙΣΑ              
41223,ΛΡ,ΛΑΡΙΣΑ              
41334,ΛΤ,ΛΑΡΙΣΑ              
41335,ΛΤ,ΛΑΡΙΣΑ              
41336,ΛΡ,ΛΑΡΙΣΑ              
41447,ΛΡ,ΛΑΡΙΣΑ              
41500,ΛΤ,ΛΑΡΙΣΑ              
42030,ΤΡ,ΜΕΓΑΛΑ ΚΑΛΥΒΙΑ      
42031,ΤΡ,ΦΑΡΚΑΔΩΝΑ           
42032,ΤΡ,ΠΥΛΗ                
42033,ΤΡ,ΜΥΡΟΦΥΛΛΟ           
42034,ΤΡ,ΑΓΙΟΦΥΛΛΟ           
42035,ΤΡ,ΚΟΝΙΣΚΟΣ            
42036,ΤΡ,ΚΑΣΤΑΝΕΑ            
42037,ΤΡ,ΜΕΣΟΧΩΡΑ            
42100,ΤΡ,ΤΡΙΚΑΛΑ             
42200,ΤΡ,ΚΑΛΑΜΠΑΚΑ           
42300,ΤΡ,ΝΕΟΧΩΡΙ             
43060,ΚΑ,ΜΟΥΖΑΚΙ             
43061,ΚΑ,ΑΓΝΑΝΤΕΡΟ           
43062,ΚΑ,ΙΤΕΑ ΚΑΡΔΙΤΣΑΣ      
43063,ΚΑ,ΛΕΟΝΤΑΡΙ ΚΑΡΔΙΤΣΑΣ  
43064,ΚΑ,ΦΑΝΑΡΙ              
43065,ΚΑ,ΑΝΘΗΡΟ              
43066,ΚΑ,ΒΡΑΓΚΙΑΝΑ           
43067,ΚΑ,ΜΕΣΕΝΙΚΟΛΑΣ         
43068,ΚΑ,ΡΕΝΤΙΝΑ             
43069,ΚΑ,ΠΕΤΡΙΛΟ             
43070,ΚΑ,ΠΡΟΑΣΤΙΟ            
43100,ΚΑ,ΚΑΡΔΙΤΣΑ            
43200,ΚΑ,ΠΑΛΑΜΑΣ             
43300,ΚΑ,ΣΟΦΑΔΕΣ             
44001,ΙΒ,ΠΡΑΜΑΝΤΑ            
44002,ΙΒ,ΔΕΛΒΙΝΑΚΙ           
44003,ΙΝ,ΖΙΤΣΑ               
44004,ΙΒ,ΔΟΛΙΑΝΑ             
44005,ΙΒ,ΠΩΓΩΝΙΑΝΗ           
44006,ΙΒ,ΚΕΦΑΛΟΒΡΥΣΟ         
44007,ΙΒ,ΑΣΠΡΑΓΓΕΛΟΙ         
44008,ΙΒ,ΑΓΙΑ ΠΑΡΑΣΚΕΥΗ ΙΩΑΝ.
44009,ΙΒ,ΔΕΡΒΙΖΙΑΝΑ          
44010,ΙΒ,ΤΣΕΠΕΛΟΒΟ           
44012,ΙΒ,ΒΗΣΣΑΝΗ             
44013,ΙΒ,ΚΑΛΕΝΤΖΙ            
44014,ΙΝ,ΓΡΕΒΕΝΙΤΙΟ          
44015,ΙΒ,ΠΥΡΣΟΓΙΑΝΝΗ         
44016,ΙΒ,ΑΡΙΣΤΗ              
44017,ΙΝ,ΒΡΟΣΙΝΑ             
44018,ΙΒ,ΚΗΠΟΙ               
44019,ΙΒ,ΠΑΛΑΙΟΣΕΛΙ          
44020,ΙΒ,ΜΟΛΙΣΤΑ             
44100,ΙΒ,ΚΟΝΙΤΣΑ             
44200,ΙΝ,ΜΕΤΣΟΒΟ             
45110,ΙΝ,ΠΑΝΕΠΙΣΤΗΜΙΟ ΙΩΑΝΝΙΝ
45221,ΙΝ,ΙΩΑΝΝΙΝΑ            
45332,ΙΝ,ΙΩΑΝΝΙΝΑ            
45333,ΙΝ,ΙΩΑΝΝΙΝΑ            
45444,ΙΒ,ΙΩΑΝΝΙΝΑ            
45445,ΙΝ,ΙΩΑΝΝΙΝΑ            
45500,ΙΝ,ΙΩΑΝΝΙΝΑ            
46030,ΗΓ,ΜΑΡΓΑΡΙΤΙ           
46031,ΗΓ,ΓΛΥΚΗ               
46032,ΗΓ,ΑΓΙΟΙ ΠΑΝΤΕΣ        
46033,ΗΓ,ΚΕΡΑΜΙΤΣΑ           
46100,ΗΓ,ΗΓΟΥΜΕΝΙΤΣΑ         
46200,ΗΓ,ΠΑΡΑΜΥΘΙΑ           
46300,ΗΓ,ΦΙΛΙΑΤΕΣ            
47040,ΑΡ,ΚΟΜΠΟΤΙ             
47041,ΑΡ,ΝΕΟΧΩΡΙ ΑΡΤΑΣ       
47042,ΑΡ,ΦΙΛΟΘΕΗ             
47043,ΑΡ,ΑΓΝΑΝΤΑ             
47044,ΑΡ,ΑΝΩ ΚΑΛΕΝΤΙΝΗ       
47045,ΑΡ,ΒΟΥΡΓΑΡΕΛΙ          
47046,ΑΡ,ΡΟΔΑΥΓΗ             
47047,ΑΡ,ΜΗΛΙΑΝΑ             
47048,ΑΡ,ΔΗΜΑΡΙ              
47100,ΑΡ,ΑΡΤΑ                
47200,ΑΡ,ΠΕΤΑ                
48060,ΠΡ,ΠΑΡΓΑ               
48061,ΠΡ,ΛΟΥΡΟΣ              
48062,ΠΡ,ΚΑΝΑΛΛΑΚΙ           
48100,ΠΡ,ΠΡΕΒΕΖΑ             
48200,ΑΡ,ΦΙΛΙΠΠΙΑΔΑ          
48300,ΠΡ,ΘΕΣΠΡΩΤΙΚΟ          
49080,ΚΡ,ΛΕΥΚΙΜΜΗ            
49081,ΚΡ,ΚΑΡΟΥΣΑΔΕΣ          
49082,ΚΡ,ΓΑΙΟΣ               
49083,ΚΡ,ΣΚΡΙΠΕΡΟ            
49084,ΚΡ,ΚΑΣΤΕΛΛΑΝΟΙ         
49100,ΚΡ,ΚΕΡΚΥΡΑ             
50001,ΚΖ,ΝΕΑΠΟΛΗ             
50002,ΚΖ,ΤΣΟΤΙΛΙ             
50003,ΚΖ,ΕΡΑΤΥΡΑ             
50004,ΚΖ,ΑΙΑΝΗΣ              
50005,ΠΜ,ΕΜΠΟΡΙΟ             
50006,ΠΜ,ΠΥΡΓΟΙ              
50007,ΚΖ,ΠΕΝΤΑΛΟΦΟΣ          
50008,ΚΖ,ΑΥΓΕΡΙΝΟΣ           
50009,ΠΜ,ΒΛΑΣΤΗ              
50010,ΚΖ,ΚΡΟΚΟΣ              
50100,ΚΖ,ΚΟΖΑΝΗ              
50200,ΠΜ,ΠΤΟΛΕΜΑΙΔΑ          
50300,ΚΖ,ΣΙΑΤΙΣΤΑ            
50400,ΚΖ,ΒΕΛΒΕΝΤΟΣ           
50500,ΚΖ,ΣΕΡΒΙΑ              
51030,ΓΡ,ΑΓΙΟΣ ΓΕΩΡΓΙΟΣ ΓΡΕΒΕ
51031,ΓΡ,ΚΗΠΟΥΡΕΙΟ           
51032,ΓΡ,ΠΟΛΥΝΕΡΙ            
51100,ΓΡ,ΓΡΕΒΕΝΑ             
51200,ΓΡ,ΔΕΣΚΑΤΗ             
52050,ΚΣ,ΜΕΣΟΠΟΤΑΜΙΑ         
52051,ΚΣ,ΝΕΣΤΟΡΙΟ            
52052,ΚΣ,ΚΟΡΗΣΟΣ             
52053,ΚΣ,ΒΟΓΑΤΣΙΚΟ           
52054,ΚΣ,ΚΛΕΙΣΟΥΡΑ           
52055,ΚΣ,ΜΑΚΡΟΧΩΡΙ           
52056,ΚΣ,ΜΑΥΡΟΧΩΡΙ           
52057,ΚΣ,ΔΙΣΠΗΛΙΟ            
52058,ΚΣ,ΑΚΡΙΤΕΣ             
52059,ΚΣ,ΒΙΤΣΙ               
52100,ΚΣ,ΚΑΣΤΟΡΙΑ            
52200,ΚΣ,ΑΡΓΟΣ ΟΡΕΣΤΙΚΟ      
53070,ΜΥ,ΦΙΛΩΤΑΣ             
53071,ΦΛ,ΜΕΛΙΤΗ              
53072,ΜΥ,ΞΙΝΟ ΝΕΡΟ           
53073,ΜΥ,ΛΕΧΟΒΟ              
53074,ΦΛ,ΒΕΥΗ                
53075,ΜΥ,ΣΚΛΗΘΡΟ             
53076,ΦΛ,ΑΝΤΑΡΤΙΚΟ           
53077,ΦΛ,ΑΓΙΟΣ ΓΕΡΜΑΝΟΣ      
53078,ΜΥ,ΝΥΜΦΑΙΟ             
53100,ΦΛ,ΦΛΩΡΙΝΑ             
53200,ΜΥ,ΑΜΥΝΤΑΙΟ            
53438,ΘΣ,ΑΓΙΟΣ ΠΑΥΛΟΣ        
53533,ΘΕ,ΠΟΛΙΧΝΗ             
54124,ΘΦ,ΦΙΛΙΚΗΣ ΕΤΑΙΡΕΙΑΣ   
54248,ΘΥ,ΕΛΕΥΘΕΡΙΟ           
54249,ΘΤ,ΘΕΣΣΑΛΟΝΙΚΗ         
54250,ΘΤ,ΘΕΣΣΑΛΟΝΙΚΗ         
54252,ΘΘ,ΘΕΣΣΑΛΟΝΙΚΗ         
54351,ΘΤ,ΘΕΣΣΑΛΟΝΙΚΗ         
54352,ΘΤ,ΘΕΣΣΑΛΟΝΙΚΗ         
54453,ΘΤ,ΘΕΣΣΑΛΟΝΙΚΗ         
54454,ΘΤ,ΘΕΣΣΑΛΟΝΙΚΗ         
54500,ΘΣ,ΠΕΝΤΑΛΟΦΟΣ - ΠΕΤΡΩΤΟ
54621,ΘΦ,ΘΕΣΣΑΛΟΝΙΚΗ         
54622,ΘΣ,ΘΕΣΣΑΛΟΝΙΚΗ         
54623,ΘΣ,ΘΕΣΣΑΛΟΝΙΚΗ         
54624,ΘΙ,ΘΕΣΣΑΛΟΝΙΚΗ         
54625,ΘΙ,ΘΕΣΣΑΛΟΝΙΚΗ         
54626,ΘΙ,ΘΕΣΣΑΛΟΝΙΚΗ         
54627,ΘΟ,ΘΕΣΣΑΛΟΝΙΚΗ         
54628,ΘΟ,ΘΕΣΣΑΛΟΝΙΚΗ         
54629,ΘΟ,ΘΕΣΣΑΛΟΝΙΚΗ         
54630,ΘΔ,ΘΕΣΣΑΛΟΝΙΚΗ         
54631,ΘΔ,ΘΕΣΣΑΛΟΝΙΚΗ         
54632,ΘΔ,ΘΕΣΣΑΛΟΝΙΚΗ         
54633,ΘΔ,ΘΕΣΣΑΛΟΝΙΚΗ         
54634,ΘΣ,ΘΕΣΣΑΛΟΝΙΚΗ         
54635,ΘΔ,ΘΕΣΣΑΛΟΝΙΚΗ         
54636,ΘΔ,ΑΓΙΟΣ ΠΑΥΛΟΣ        
54638,ΘΤ,ΘΕΣΣΑΛΟΝΙΚΗ         
54639,ΘΥ,ΘΕΣΣΑΛΟΝΙΚΗ         
54640,ΘΥ,ΘΕΣΣΑΛΟΝΙΚΗ         
54641,ΘΥ,ΘΕΣΣΑΛΟΝΙΚΗ         
54642,ΘΥ,ΘΕΣΣΑΛΟΝΙΚΗ         
54643,ΘΥ,ΘΕΣΣΑΛΟΝΙΚΗ         
54644,ΘΥ,ΘΕΣΣΑΛΟΝΙΚΗ         
54645,ΘΥ,ΘΕΣΣΑΛΟΝΙΚΗ         
54646,ΘΝ,ΘΕΣΣΑΛΟΝΙΚΗ         
54655,ΘΝ,ΘΕΣΣΑΛΟΝΙΚΗ         
55131,ΘΝ,ΚΑΛΑΜΑΡΙΑ           
55132,ΘΩ,ΚΑΛΑΜΑΡΙΑ           
55133,ΘΩ,ΚΑΛΑΜΑΡΙΑ           
55134,ΘΩ,ΚΑΛΑΜΑΡΙΑ           
55135,ΘΩ,ΚΑΛΑΜΑΡΙΑ           
55236,ΘΘ,ΠΑΝΟΡΑΜΑ            
55337,ΘΤ,ΤΡΙΑΝΔΡΙΑ           
55437,ΘΔ,ΑΓ.ΠΑΥΛΟΣ           
55438,ΘΔ,ΑΓΙΟΣ ΠΑΥΛΟΣ        
55534,ΘΘ,ΠΥΛΑΙΑ              
55535,ΘΘ,ΠΥΛΑΙΑ              
55536,ΘΘ,ΠΥΛΑΙΑ              
56121,ΘΜ,ΑΜΠΕΛΟΚΗΠΟΙ         
56122,ΘΜ,ΜΕΝΕΜΕΝΗ            
56123,ΘΜ,ΑΜΠΕΛΟΚΗΠΟΙ         
56224,ΘΜ,ΕΥΟΣΜΟ              
56225,ΘΜ,ΕΥΟΣΜΟΣ             
56226,ΘΜ,ΕΥΟΣΜΟΣ             
56238,ΘΜ,ΕΥΟΣΜΟΣ             
56334,ΘΜ,ΕΛΕΥΘΕΡΙΟ           
56335,ΘΕ,ΠΟΛΙΧΝΗ             
56429,ΘΕ,ΕΥΚΑΡΠΙΑ            
56430,ΘΜ,ΣΤΑΥΡΟΥΠΟΛΗ         
56431,ΘΜ,ΕΥΟΣΜΟ              
56436,ΘΜ,ΣΤΑΥΡΟΥΠΟΛΗ         
56437,ΘΜ,ΣΤΑΥΡΟΥΠΟΛΗ         
56438,ΘΜ,ΕΥΟΣΜΟΣ             
56532,ΘΕ,ΠΟΛΙΧΝΗ             
56533,ΘΕ,ΠΟΛΙΧΝΗ             
56625,ΘΔ,ΣΥΚΙΕΣ              
56626,ΘΔ,ΣΥΚΙΕΣ              
56727,ΘΔ,ΝΕΑΠΟΛΗ             
56728,ΘΔ,ΝΕΑΠΟΛΗ             
57001,ΘΘ,ΘΕΡΜΗ               
57002,ΘΛ,ΣΟΧΟΣ               
57003,ΘΚ,ΑΓΙΟΣ ΑΘΑΝΑΣΙΟΣ     
57004,ΘΠ,ΝΕΑ ΜΗΧΑΝΙΩΝΑ       
57006,ΘΘ,ΒΑΣΙΛΙΚΑ ΘΕΣ/ΝΙΚΗΣ  
57007,ΘΚ,ΧΑΛΚΗΔΩΝΑ           
57008,ΘΓ,ΙΩΝΙΑ ΘΕΣ/ΝΙΚΗΣ     
57009,ΘΖ,ΚΑΛΟΧΩΡΙ            
57010,ΘΛ,ΑΣΒΕΣΤΟΧΩΡΙ         
57011,ΘΚ,ΓΕΦΥΡΑ ΘΕΣ/ΝΙΚΗΣ    
57012,ΘΛ,ΖΑΓΚΛΙΒΕΡΙ          
57013,ΘΕ,ΩΡΑΙΟΚΑΣΤΡΟ         
57014,ΘΡ,ΣΤΑΥΡΟΣ ΘΕΣ/ΝΙΚΗΣ   
57015,ΘΛ,ΝΕΑ ΑΠΟΛΛΩΝ         
57016,ΘΛ,ΑΣΚΟΣ               
57017,ΘΛ,ΞΥΛΟΠΟΛΗ            
57018,ΘΛ,ΜΕΛΙΣΣΟΧΩΡΙ         
57019,ΘΠ,ΝΕΟΙ ΕΠΙΒΑΤΕΣ       
57020,ΘΛ,ΛΑΓΚΑΔΙΚΙΑ          
57021,ΘΡ,ΑΣΠΡΟΒΑΛΤΑ          
57022,ΘΓ,ΒΙ.ΠΕ.Θ.            
57100,ΘΚ,ΚΟΥΦΑΛΙΑ            
57200,ΘΛ,ΛΑΓΚΑΔΑΣ            
57300,ΘΚ,ΧΑΛΑΣΤΡΑ            
57400,ΘΓ,ΣΙΝΔΟΣ              
57500,ΘΠ,ΕΠΑΝΟΜΗ             
58001,ΓΝ,ΚΑΡΥΩΤΙΣΣΑ          
58002,ΣΚ,ΑΡΝΙΣΣΑ             
58003,ΣΚ,ΦΟΥΣΤΑΝΗ            
58004,ΣΚ,ΕΞΑΠΛΑΤΑΝΟΣ         
58005,ΓΝ,ΠΕΛΛΑ               
58100,ΓΝ,ΓΙΑΝΝΙΤΣΑ           
58200,ΣΚ,ΕΔΕΣΣΑ              
58300,ΓΝ,ΚΡΥΑ ΒΡΥΣΗ          
58400,ΣΚ,ΑΡΙΔΑΙΑ             
58500,ΣΚ,ΣΚΥΔΡΑ              
59031,ΒΡ,ΜΕΛΙΚΗ              
59032,ΑΞ,Σ. Σ. ΠΛΑΤΕΟΣ       
59033,ΒΡ,ΜΑΚΡΟΧΩΡΙ ΗΜΑΘΙΑΣ   
59034,ΒΡ,ΕΙΡΗΝΟΥΠΟΛΗ         
59035,ΒΡ,ΚΟΠΑΝΟΣ             
59100,ΒΡ,ΒΕΡΟΙΑ              
59200,ΒΡ,ΝΑΟΥΣΑ              
59300,ΑΞ,ΑΛΕΞΑΝΔΡΕΙΑ         
60061,ΚΤ,ΚΟΛΙΝΔΡΟΣ           
60062,ΚΤ,ΚΟΡΙΝΟΣ             
60063,ΚΤ,ΛΕΠΤΟΚΑΡΥΑ          
60064,ΚΤ,ΚΙΤΡΟΣ              
60065,ΚΤ,ΠΛΑΤΑΜΩΝΑΣ          
60066,ΚΤ,ΜΕΘΩΝΗ              
60100,ΚΤ,ΚΑΤΕΡΙΝΗ            
60200,ΚΤ,ΛΙΤΟΧΩΡΟ            
60300,ΚΤ,ΑΙΓΙΝΙΟ             
61001,ΚΙ,Σ. Σ. ΕΥΖΩΝΩΝ       
61002,ΚΙ,ΧΕΡΣΟ               
61003,ΚΙ,Σ. Σ. ΜΟΥΡΙΩΝ       
61005,ΚΙ,ΕΙΔΟΜΕΝΗ            
61006,ΚΙ,ΒΑΘΗ ΚΙΛΚΙΣ         
61007,ΚΙ,ΕΥΡΩΠΟΣ             
61100,ΚΙ,ΚΙΛΚΙΣ  & Ν.ΣΑΝΤΑ   
61200,ΚΙ,ΠΟΛΥΚΑΣΤΡΟ          
61300,ΚΙ,ΓΟΥΜΕΝΙΣΣΑ          
61400,ΚΙ,ΑΞΙΟΥΠΟΛΗ           
62041,ΣΡ,ΡΟΔΟΛΙΒΟΣ           
62042,ΣΡ,ΝΕΑ ΖΙΧΝΗ           
62043,ΣΡ,ΝΕΟ ΠΕΤΡΙΤΣΙ        
62044,ΣΡ,ΝΕΟΣ ΣΚΟΠΟΣ         
62045,ΣΡ,ΑΛΙΣΤΡΑΤΗ           
62046,ΣΡ,ΧΡΥΣΟ               
62047,ΣΡ,ΠΡΩΤΗ               
62048,ΣΡ,ΠΕΝΤΑΠΟΛΗ           
62049,ΣΡ,ΜΑΥΡΟΘΑΛΑΣΣΑ        
62050,ΣΡ,ΓΑΖΩΡΟΣ             
62051,ΣΡ,ΑΓΙΟ ΠΝΕΥΜΑ         
62052,ΣΡ,ΔΡΑΒΗΣΚΟΣ           
62053,ΣΡ,ΡΟΔΟΠΟΛΗ            
62054,ΣΡ,ΣΤΡΥΜΟΝΙΚΟ          
62055,ΣΡ,ΚΑΤΩ ΠΟΡΟΙΑ         
62056,ΣΡ,Σ. Σ. ΑΓΓΙΣΤΑΣ      
62100,ΣΡ,ΣΕΡΡΕΣ              
62121,ΣΡ,ΣΕΡΡΕΣ              
62122,ΣΡ,ΣΕΡΡΕΣ              
62123,ΣΡ,ΣΕΡΡΕΣ              
62124,ΣΡ,ΣΕΡΡΕΣ              
62125,ΣΡ,ΣΕΡΡΕΣ              
62200,ΣΡ,ΝΙΓΡΙΤΑ             
62300,ΣΡ,ΣΙΔΗΡΟΚΑΣΤΡΟ        
62400,ΣΡ,ΗΡΑΚΛΕΙΑ            
63071,ΠΛ,ΟΡΜΥΛΙΑ             
63072,ΠΛ,ΣΥΚΕΑ               
63073,ΠΛ,ΓΑΛΑΤΙΣΤΑ           
63074,ΠΛ,ΑΡΝΑΙΑ              
63075,ΠΛ,ΙΕΡΙΣΣΟΣ            
63076,ΠΛ,ΜΕΓΑΛΗ ΠΑΝΑΓΙΑ      
63077,ΠΛ,ΚΑΣΣΑΝΔΡΕΙΑ         
63078,ΠΛ,ΑΓΙΟΣ ΝΙΚΟΛΑΟΣ      
63079,ΠΛ,ΝΕΑ ΤΡΙΓΛΙΑ         
63080,ΠΛ,ΝΕΑ ΚΑΛΛΙΚΡΑΤΕΙΑ    
63081,ΠΛ,ΝΕΟΣ ΜΑΡΜΑΡΑΣ       
63082,ΠΛ,ΣΤΡΑΤΩΝΙΟ           
63083,ΠΛ,ΣΤΡΑΤΟΝΙΚΗ          
63084,ΠΛ,ΒΑΒΔΟΣ              
63085,ΠΛ,ΠΕΥΚΟΧΩΡΙ           
63086,ΚΥ,ΚΑΡΥΕΣ ΑΓΙΟΥ ΟΡΟΥΣ  
63087,ΚΥ,ΔΑΦΝΗ ΑΓΙΟΥ ΟΡΟΥΣ   
63088,ΠΛ,ΝΙΚΗΤΗ              
63100,ΠΛ,ΠΟΛΥΓΥΡΟΣ           
63200,ΠΛ,ΝΕΑ ΜΟΥΔΑΝΙΑ        
64001,ΚΓ,ΝΙΚΗΣΙΑΝΗ           
64002,ΘΑ,ΛΙΜΕΝΑΡΙΑ           
64003,ΚΓ,ΚΡΗΝΙΔΕΣ            
64004,ΘΑ,ΘΑΣΟΣ               
64005,ΘΑ,ΘΕΟΛΟΓΟΣ            
64006,ΚΓ,Ν. ΚΑΡΒΑΛΗ          
64007,ΚΓ,ΝΕΑ ΠΕΡΑΜΟΣ         
64008,ΚΓ,ΜΟΥΣΘΕΝΗ            
64009,ΚΓ,ΚΕΧΡΟΚΑΜΠΟΣ         
64010,ΘΑ,ΚΡΙΝΟΣ              
64011,ΚΓ,ΚΕΡΑΜΩΤΗ            
64012,ΚΓ,ΑΜΥΓΔΑΛΕΩΝΑΣ        
64100,ΚΓ,ΕΛΕΥΘΕΡΟΥΠΟΛΗ       
64200,ΚΓ,ΧΡΥΣΟΥΠΟΛΗ          
65201,ΚΓ,ΚΑΒΑΛΑ              
65302,ΚΓ,ΚΑΒΑΛΑ              
65403,ΚΓ,ΚΑΒΑΛΑ              
65404,ΚΓ,ΚΑΒΑΛΑ              
65500,ΚΓ,ΚΑΒΑΛΑ              
66031,ΔΡ,ΚΑΛΑΜΠΑΚΙ           
66032,ΔΡ,ΚΥΡΙΑ               
66033,ΔΡ,Κ. ΝΕΥΡΟΚΟΠΙ        
66034,ΔΡ,ΦΩΤΟΛΙΒΟΣ           
66035,ΔΡ,ΠΑΡΑΝΕΣΤΙ           
66036,ΔΡ,ΜΙΚΡΟΠΟΛΗ           
66037,ΔΡ,ΝΙΚΗΦΟΡΟΣ           
66038,ΔΡ,ΣΙΔΗΡΟΝΕΡΟ          
66100,ΔΡ,ΔΡΑΜΑ               
66200,ΔΡ,ΠΡΟΣΟΤΣΑΝΗ          
66300,ΔΡ,ΔΟΞΑΤΟ              
67061,ΞΝ,ΑΒΔΗΡΑ              
67062,ΞΝ,ΣΤΑΥΡΟΥΠΟΛΗ ΞΑΝΘΗΣ  
67063,ΞΝ,ΛΑΓΟΣ               
67064,ΞΝ,ΓΕΝΙΣΕΑ             
67100,ΞΝ,ΞΑΝΘΗ               
67200,ΞΝ,ΕΥΛΑΛΟ              
67300,ΞΝ,ΕΧΙΝΟΣ              
68001,ΟΡ,ΝΕΑ ΒΥΣΣΑ           
68002,ΑΛ,ΣΑΜΟΘΡΑΚΗ           
68003,ΑΛ,ΤΥΧΕΡΟ              
68004,ΔΙ,ΛΑΒΑΡΑ              
68005,ΔΙ,ΜΙΚΡΟ ΔΕΡΕΙΟ        
68006,ΟΡ,ΚΥΠΡΙΝΟΣ            
68007,ΟΡ,ΔΙΚΑΙΑ              
68008,ΟΡ,ΚΑΣΤΑΝΙΕΣ ΕΒΡΟΥ     
68009,ΔΙ,Σ. Σ. ΠΥΘΙΟΥ        
68010,ΔΙ,ΜΕΤΑΞΑΔΕΣ           
68011,ΑΛ,ΑΙΣΥΜΗ              
68012,ΑΛ,ΓΕΦΥΡΑ ΚΗΠΩΝ        
68013,ΑΛ,ΠΕΠΛΟΣ              
68014,ΟΡ,ΡΙΖΙΑ               
68100,ΑΛ,ΑΛΕΞΑΝΔΡΟΥΠΟΛΗ      
68200,ΟΡ,ΟΡΕΣΤΙΑΔΑ           
68300,ΔΙ,ΔΙΔΥΜΟΤΕΙΧΟ         
68400,ΔΙ,ΣΟΥΦΛΙ              
68500,ΑΛ,ΦΕΡΕΣ               
69100,ΚΜ,ΚΟΜΟΤΗΝΗ            
69200,ΚΜ,ΙΑΣΜΟΣ              
69300,ΚΜ,ΣΑΠΕΣ               
69400,ΚΜ,ΞΥΛΑΓΑΝΗ            
69500,ΚΜ,ΟΡΓΑΝΗ              
70001,ΗΡ,ΚΡΟΥΣΩΝΑΣ           
70002,ΜΡ,ΖΑΡΟΣ               
70003,ΜΡ,ΑΓΙΑ ΒΑΡΒΑΡΑ ΗΡΑΚΛΕΙ
70004,ΗΑ,ΑΝΩ ΒΙΑΝΝΟΣ         
70005,ΧΡ,ΜΟΧΟΣ               
70006,ΗΑ,ΚΑΣΤΕΛΛΙ            
70007,ΧΡ,ΜΑΛΙΑ               
70008,ΗΡ,ΕΠΙΣΚΟΠΗ ΗΡΑΚΛΕΙΟΥ  
70009,ΜΡ,ΠΟΜΠΙΑ              
70010,ΜΡ,ΠΥΡΓΟΣ ΗΡΑΚΛΕΙΟΥ    
70011,ΗΡ,ΔΑΦΝΕΣ              
70012,ΜΡ,ΑΓΙΟΙ ΔΕΚΑ          
70013,ΗΡ,ΑΓΙΟΣ ΜΥΡΩΝΑΣ       
70014,ΧΡ,ΛΙΜΕΝΑΣ ΧΕΡΣΟΝΗΣΟΥ  
70015,ΗΑ,ΕΜΠΑΡΟΣ             
70016,ΜΡ,ΑΣΗΜΙ               
70017,ΜΡ,ΓΕΡΓΕΡΗ             
70100,ΗΑ,ΑΡΧΑΝΕΣ             
70200,ΜΡ,ΤΥΜΠΑΚΙ             
70300,ΗΑ,ΑΡΚΑΛΟΧΩΡΙ          
70400,ΜΡ,ΜΟΙΡΕΣ              
71201,ΗΡ,ΗΡΑΚΛΕΙΟ            
71202,ΗΡ,ΗΡΑΚΛΕΙΟ            
71303,ΗΡ,ΗΡΑΚΛΕΙΟ            
71304,ΗΡ,ΗΡΑΚΛΕΙΟ            
71305,ΗΡ,ΗΡΑΚΛΕΙΟ            
71306,ΗΡ,ΗΡΑΚΛΕΙΟ            
71307,ΗΡ,ΗΡΑΚΛΕΙΟ            
71309,ΗΡ,ΗΡΑΚΛΕΙΟ            
71409,ΗΡ,ΗΡΑΚΛΕΙΟ            
71410,ΗΡ,ΗΡΑΚΛΕΙΟ            
71414,ΗΡ,ΓΑΖΙ                
71500,ΗΡ,ΗΡΑΚΛΕΙΟ            
71601,ΗΡ,Ν.ΑΛΙΚΑΡΝΑΣΣΟΣ      
72051,ΑΝ,ΚΡΙΤΣΑ              
72052,ΗΡ,ΤΖΕΡΜΙΑΔΟ           
72053,ΑΝ,ΕΛΟΥΝΤΑ             
72054,ΑΝ,ΒΡΑΧΑΣΙ             
72055,ΣΤ,ΣΤΑΥΡΟΧΩΡΙ          
72056,ΙΡ,ΜΑΛΕΣ               
72057,ΣΤ,ΤΟΥΡΛΩΤΗ            
72058,ΑΝ,ΦΟΥΡΝΗ              
72059,ΣΤ,ΧΑΝΔΡΑΣ             
72100,ΑΝ,ΑΓΙΟΣ ΝΙΚΟΛΑΟΣ      
72200,ΙΡ,ΙΕΡΑΠΕΤΡΑ           
72300,ΣΤ,ΣΗΤΕΙΑ              
72400,ΑΝ,ΝΕΑΠΟΛΗ ΚΡΗΤΗΣ      
73001,ΧΝ,ΠΑΛΑΙΟΧΩΡΑ          
73002,ΧΝ,ΒΟΥΚΟΛΙΕΣ           
73003,ΧΝ,ΚΑΛΥΒΕΣ             
73004,ΧΝ,ΚΑΝΤΑΝΟΣ            
73005,ΧΝ,ΑΛΙΚΙΑΝΟΣ           
73006,ΧΝ,ΚΟΛΥΜΒΑΡΙ           
73007,ΧΝ,ΒΡΥΣΕΣ              
73008,ΧΝ,ΒΑΜΟΣ               
73009,ΧΝ,ΡΟΔΟΒΑΝΙ            
73010,ΧΝ,ΤΟΠΟΛΙΑ             
73011,ΧΝ,ΧΩΡΑ ΣΦΑΚΙΩΝ        
73012,ΧΝ,ΒΑΘΗ ΧΑΝΙΩΝ         
73013,ΧΝ,ΑΣΚΥΦΟΣ             
73014,ΧΝ,ΠΛΑΤΑΝΙΑ            
73100,ΧΝ,ΧΑΝΙΑ               
73131,ΧΝ,ΧΑΝΙΑ               
73132,ΧΝ,ΧΑΝΙΑ               
73133,ΧΝ,ΧΑΝΙΑ               
73134,ΧΝ,ΧΑΝΙΑ               
73135,ΧΝ,ΧΑΝΙΑ               
73136,ΧΝ,ΧΑΝΙΑ               
73200,ΧΝ,ΣΟΥΔΑ               
73300,ΧΝ,ΜΟΥΡΝΙΕΣ            
73400,ΧΝ,ΚΙΣΣΑΜΟΣ            
74000,ΡΘ,ΜΥΡΘΙΟΣ             
74051,ΡΘ,ΑΝΩΓΕΙΑ             
74052,ΡΘ,ΠΕΡΑΜΑ ΡΕΘΥΜΝΗΣ     
74053,ΡΘ,ΣΠΗΛΙ               
74054,ΡΘ,ΓΑΡΑΖΟ              
74055,ΡΘ,ΕΠΙΣΚΟΠΗ ΡΕΘΥΜΝΗΣ   
74056,ΡΘ,ΑΓΙΑ ΓΑΛΗΝΗ         
74057,ΡΘ,ΠΑΝΟΡΜΟΣ ΡΕΘΥΜΝΗΣ   
74058,ΡΘ,ΡΟΥΣΤΙΚΑ            
74059,ΡΘ,ΑΠΟΔΟΥΛΟΥ           
74060,ΡΘ,ΜΥΡΘΙΟΣ             
74061,ΡΘ,ΑΜΑΡΙ               
74062,ΡΘ,ΒΙΖΑΡΙ              
74100,ΡΘ,ΡΕΘΥΜΝΟ             
80100,ΣΠ,ΚΥΘΗΡΑ - ΑΝΤΙΚΥΘΗΡΑ 
80200,ΣΠ,ΚΥΘΗΡΑ              
81100,ΜΤ,ΜΥΤΙΛΗΝΗ            
81101,ΜΤ,ΑΓΙΑΣΟΣ             
81102,ΚΗ,ΑΓΙΑ ΠΑΡΑΣΚΕΥΗ ΛΕΣΒΟ
81103,ΚΗ,ΑΝΤΙΣΣΑ             
81104,ΚΗ,ΜΑΝΤΑΜΑΔΟΣ          
81105,ΚΗ,ΕΡΕΣΟΣ              
81106,ΜΤ,ΠΑΠΠΑΔΟΣ            
81107,ΚΗ,ΚΑΛΛΟΝΗ             
81108,ΚΗ,ΜΗΘΥΜΝΑ             
81109,ΚΗ,ΠΕΤΡΑ               
81110,ΚΗ,ΒΑΤΟΥΣΑ             
81111,ΜΤ,ΠΕΡΑΜΑ              
81112,ΚΗ,ΣΙΓΡΙΟ              
81113,ΚΗ,ΦΙΛΙΑ               
81200,ΜΤ,ΠΛΩΜΑΡΙ             
81300,ΜΤ,ΠΟΛΙΧΝΙΤΟΣ          
81400,ΛΗ,ΜΥΡΙΝΑ              
81401,ΛΗ,ΜΟΥΔΡΟΣ             
81500,ΛΗ,ΑΓΙΟΣ ΕΥΣΤΡΑΤΙΟΣ    
82100,ΧΣ,ΧΙΟΣ                
82101,ΧΣ,ΟΙΝΟΥΣΣΕΣ           
82102,ΧΣ,ΚΑΛΑΜΩΤΗ            
82103,ΧΣ,ΒΟΛΙΣΣΟΣ            
82104,ΧΣ,ΨΑΡΑ                
82200,ΧΣ,ΒΡΟΝΤΑΔΟΣ           
82300,ΧΣ,ΚΑΡΔΑΜΥΛΑ           
83100,ΣΜ,ΣΑΜΟΣ               
83101,ΣΜ,ΜΥΤΙΛΗΝΙΟΙ          
83102,ΣΜ,ΜΑΡΑΘΟΚΑΜΠΟΣ        
83103,ΣΜ,ΠΥΘΑΓΟΡΕΙΟ          
83104,ΣΜ,ΠΥΡΓΟΣ ΣΑΜΟΥ        
83200,ΣΜ,ΚΑΡΛΟΒΑΣΙ           
83300,ΙΚ,ΑΓΙΟΣ ΚΗΡΥΚΟΣ       
83301,ΙΚ,ΡΑΧΕΣ               
83302,ΙΚ,ΕΥΔΗΛΟΣ             
83400,ΙΚ,ΦΟΥΡΝΟΙ             
84001,ΙΟ,ΙΟΣ                 
84002,ΚΚ,ΚΕΑ-ΤΖΙΑ            
84003,ΣΦ,ΣΙΦΝΟΣ              
84004,ΜΛ,ΚΙΜΩΛΟΣ             
84005,ΣΕ,ΣΕΡΙΦΟΣ             
84006,ΚΘ,ΚΥΘΝΟΣ              
84007,ΠΑ,ΑΝΤΙΠΑΡΟΣ           
84008,ΝΞ,ΑΜΟΡΓΟΣ             
84009,ΣΝ,ΑΝΑΦΗ               
84010,ΙΟ,ΣΙΚΙΝΟΣ             
84011,ΙΟ,ΦΟΛΕΓΑΝΔΡΟΣ         
84100,ΣΟ,ΣΥΡΟΣ               
84200,ΤΝ,ΤΗΝΟΣ               
84201,ΤΝ,ΠΑΝΟΡΜΟΣ ΤΗΝΟΥ      
84300,ΝΞ,ΝΑΞΟΣ               
84301,ΝΞ,ΚΟΡΩΝΙΔΑ            
84302,ΝΞ,ΧΑΛΚΕΙΟ             
84400,ΠΑ,ΠΑΡΟΣ               
84401,ΠΑ,ΝΑΟΥΣΑ ΠΑΡΟΥ        
84500,ΝΔ,ΑΝΔΡΟΣ              
84501,ΝΔ,ΓΑΥΡΙΟ              
84502,ΝΔ,ΚΟΡΘΙΟ              
84600,ΜΚ,ΜΥΚΟΝΟΣ             
84700,ΣΝ,ΘΗΡΑ                
84701,ΣΝ,ΠΥΡΓΟΣ ΚΑΛΛΙΣΤ.ΘΗΡΑΣ
84702,ΣΝ,ΟΙΑ                 
84703,ΣΝ,ΕΜΠΟΡΕΙΟΝ           
84800,ΜΛ,ΜΗΛΟΣ               
84801,ΜΛ,ΑΔΑΜΑΣ              
85001,ΛΕ,ΛΕΙΨΟΙ              
85002,ΚΩ,ΤΗΛΟΣ               
85100,ΡΔ,ΡΟΔΟΣ               
85101,ΡΔ,ΙΑΛΥΣΟΣ             
85102,ΡΔ,ΑΡΧΑΓΓΕΛΟΣ          
85103,ΡΔ,ΑΦΑΝΤΟΥ             
85104,ΡΔ,ΚΡΕΜΑΣΤΗ            
85105,ΡΔ,ΚΑΛΥΘΙΕΣ            
85106,ΡΔ,ΠΑΡΑΔΕΙΣΙ           
85107,ΡΔ,ΛΙΝΔΟΣ              
85108,ΡΔ,ΚΡΗΤΗΝΙΑ            
85109,ΡΔ,ΓΕΝΝΑΔΙ             
85110,ΡΔ,ΧΑΛΚΗ               
85111,ΡΔ,ΚΑΣΤΕΛΛΟΡΙΖΟ        
85200,ΚΝ,ΚΑΛΥΜΝΟΣ            
85300,ΚΩ,ΚΩΣ                 
85301,ΚΩ,ΚΕΦΑΛΟΣ ΚΩ          
85302,ΚΩ,ΑΝΤΙΜΑΧΕΙΑ          
85303,ΚΩ,ΝΙΣΥΡΟΣ             
85400,ΛΕ,ΛΕΡΟΣ               
85401,ΛΕ,ΛΑΚΚΙ ΛΕΡΟΥ         
85500,ΛΕ,ΠΑΤΜΟΣ              
85600,ΡΔ,ΣΥΜΗ                
85700,ΚΠ,ΚΑΡΠΑΘΟΣ            
85800,ΚΠ,ΚΑΣΟΣ               
85900,ΣΥ,ΑΣΤΥΠΑΛΑΙΑ          
90000,ΓΕ,ΑΕΡΟΔΡΟΜΙΟ ΕΛ.ΒΕΝΙΖ.
90002,ΘΗ,INTERCITY           
90003,ΒΜ,INTERCITY           
